{"gary.jpg": 1738524877.0, "person1.jpg": 1743165469.7459683, "person2.jpg": 1743165474.9217594, "person3.jpg": 1743165496.0490997, "person4.jpg": 1743165483.8265102, "person5.jpg": 1743165502.4376514, "person6.jpg": 1743165549.3592718, "person7.jpg": 1743165465.9125042, "robert.jpg": 1738524878.0, "sally.jpg": 1738524879.0, "sulek.jpg": 1738524879.0, "unknown_1.jpg": 1753980999.0303438, "unknown_2.jpg": 1753981121.152423}